{"0": {"fc1": [0.16666666666666666, 0.5, 1.0], "fc2": [0.16666666666666666, 0.5, 1.0]}, "1": {"fc1": [0.5, 0.6666666666666666, 1.0], "fc2": [0.6666666666666666, 0.75, 1.0]}, "2": {"fc1": [0.4166666666666667, 0.5833333333333334, 1.0], "fc2": [0.5, 0.6666666666666666, 1.0]}, "3": {"fc1": [0.5, 0.6666666666666666, 1.0], "fc2": [0.5, 0.6666666666666666, 1.0]}, "4": {"fc1": [0.6666666666666666, 0.75, 1.0], "fc2": [0.6666666666666666, 0.75, 1.0]}, "5": {"fc1": [0.6666666666666666, 0.75, 1.0], "fc2": [0.5, 0.6666666666666666, 1.0]}, "6": {"fc1": [0.5, 0.6666666666666666, 1.0], "fc2": [0.4166666666666667, 0.5833333333333334, 1.0]}, "7": {"fc1": [0.5, 0.6666666666666666, 1.0], "fc2": [0.6666666666666666, 0.75, 1.0]}, "8": {"fc1": [0.6666666666666666, 0.75, 1.0], "fc2": [0.5, 0.6666666666666666, 1.0]}, "9": {"fc1": [0.5, 0.6666666666666666, 1.0], "fc2": [0.5, 0.6666666666666666, 1.0]}, "10": {"fc1": [0.6666666666666666, 0.75, 1.0], "fc2": [0.75, 1.0]}, "11": {"fc1": [0.6666666666666666, 0.75, 1.0], "fc2": [0.5, 0.6666666666666666, 1.0]}, "12": {"fc1": [0.6666666666666666, 0.75, 1.0], "fc2": [0.75, 1.0]}, "13": {"fc1": [0.6666666666666666, 0.75, 1.0], "fc2": [0.5, 0.6666666666666666, 1.0]}, "14": {"fc1": [0.6666666666666666, 0.75, 1.0], "fc2": [0.6666666666666666, 0.75, 1.0]}, "15": {"fc1": [0.6666666666666666, 0.75, 1.0], "fc2": [0.75, 1.0]}, "16": {"fc1": [0.75, 1.0], "fc2": [0.75, 1.0]}, "17": {"fc1": [0.75, 1.0], "fc2": [0.75, 1.0]}, "18": {"fc1": [0.6666666666666666, 0.75, 1.0], "fc2": [0.75, 1.0]}, "19": {"fc1": [0.75, 1.0], "fc2": [0.75, 1.0]}, "20": {"fc1": [0.75, 1.0], "fc2": [0.75, 1.0]}, "21": {"fc1": [0.75, 1.0], "fc2": [0.75, 1.0]}, "22": {"fc1": [0.75, 1.0], "fc2": [0.75, 1.0]}, "23": {"fc1": [0.75, 1.0], "fc2": [0.6666666666666666, 0.75, 1.0]}}